Technology,Capacity_MW,Capacity_MWh,CAPEX_ann_EUR
PV (MW),0.46570924163791,0.0,19377.125719272022
Battery Power (MW),0.19832148630805702,0.0,1426.9802164602827
Battery Energy (MWh),0.0,0.8047606814977386,14476.212245840172
TES Power (MW_th),0.9960932873802866,0.0,956.4282966543617
TES Energy (MWh_th),0.0,5.886726583639646,11304.627690179219
Heat Pump (MW_th),0.3054472293964251,0.0,8990.13670880767
Transformer (MW),0.5386773084574434,0.0,1557.5881074573904
Export Link (MW),-0.0,0.0,-0.0
